Business Name,Email Address,Phone,Address
Florida Window & Door Solutions,rod@floridawds.com,321-472-4318,"500 Plumosa Ave Altamonte Springs, FL 32701			map it, Altamonte Springs, FL 32701			map it"
WM - Rolling Meadows Landfill and Recycling Center,wmcares@wm.com,8669094458,"7351 NW Highway 75 Topeka, KS 66618			map it, Topeka, KS 66618			map it"
BellGear (Pty) Ltd,bellgearza@gmail.com,0872654039,"18 Constantia Road, Freeway Park Boksburg, GP 1459			map it, Boksburg, GP 1459			map it"
Armored Inc. Burlington,info@armoredinc.ca,905-333-0006,"4129 Harvester Rd Unit L Burlington, ON L7L 5M3			map it, Burlington, ON L7L 5M3			map it"
WM - Miami County Transfer Station,wmcares@wm.com,(913) 764-1608,"23765 W 327th St Paola, KS 66071			map it, Paola, KS 66071			map it"
Custom Boxes Lab,customboxeslab@gmail.com,1302778945,"300 Delaware Ave, Ste 210 #564 Wilmington, DE 19801			map it, Wilmington, DE 19801			map it"
Billing Care solution,sbillingcare@gmail.com,3022440434,"30 N Gould, st, ste R Sheridan, WY 82801 Sheridan, WY, US, wy 82801			map it, Sheridan, WY, US, wy 82801			map it"
Drive Well Driving School,info@drivewelldrivingschool.com,703-817-5047,"44297 Pawnee Terrace Ashburn, VA 20147			map it, Ashburn, VA 20147			map it"
The Ultimate Home buyers Course,theultimatehomebuyerscourse@techdotdigitals.net,(573) 262-8655,"2615 Wedgewood Dr Jackson, Mi 63755			map it, Jackson, Mi 63755			map it"
Clear Choice Windows & Doors,jonathan@clearchoiceconstruction.com,971-224-6797,"7244 SW Durham Rd Suite 900 Tigard, OR 97224			map it, Tigard, OR 97224			map it"
Clear Choice Windows & Doors,jonathan@clearchoiceconstruction.com,971-224-6797,"7244 SW Durham Rd Suite 900, US Tigard, Or 97224			map it, Tigard, Or 97224			map it"
Clear Choice Windows & Doors,jonathan@clearchoiceconstruction.com,971-224-6797,"7244 SW Durham Rd Suite 900, US Tigard, Or 97224			map it, Tigard, Or 97224			map it"
Clear Choice Windows & Doors,jonathan@clearchoiceconstruction.com,971-224-6797,"7244 SW Durham Rd Suite 900, US Tigard, Or 97224			map it, Tigard, Or 97224			map it"
Real Estate Agent Lists,matt@realestateagent-list.com,937-365-9100,"1453 Michael Dr Troy, OH 45373			map it, Troy, OH 45373			map it"
ComTech,,919-647-7677,"4801 Glenwood Avenue Ste 200Raleigh, NC 27612			map it, Raleigh, NC 27612			map it"
Florida Window & Door Solutions,rod@floridawds.com,321-472-4318,"500 Plumosa Ave Altamonte Springs, FL 32701			map it, Altamonte Springs, FL 32701			map it"
WM - Rolling Meadows Landfill and Recycling Center,wmcares@wm.com,8669094458,"7351 NW Highway 75 Topeka, KS 66618			map it, Topeka, KS 66618			map it"
BellGear (Pty) Ltd,bellgearza@gmail.com,0872654039,"18 Constantia Road, Freeway Park Boksburg, GP 1459			map it, Boksburg, GP 1459			map it"
Armored Inc. Burlington,info@armoredinc.ca,905-333-0006,"4129 Harvester Rd Unit L Burlington, ON L7L 5M3			map it, Burlington, ON L7L 5M3			map it"
WM - Miami County Transfer Station,wmcares@wm.com,(913) 764-1608,"23765 W 327th St Paola, KS 66071			map it, Paola, KS 66071			map it"
Custom Boxes Lab,customboxeslab@gmail.com,1302778945,"300 Delaware Ave, Ste 210 #564 Wilmington, DE 19801			map it, Wilmington, DE 19801			map it"
Billing Care solution,sbillingcare@gmail.com,3022440434,"30 N Gould, st, ste R Sheridan, WY 82801 Sheridan, WY, US, wy 82801			map it, Sheridan, WY, US, wy 82801			map it"
Drive Well Driving School,info@drivewelldrivingschool.com,703-817-5047,"44297 Pawnee Terrace Ashburn, VA 20147			map it, Ashburn, VA 20147			map it"
The Ultimate Home buyers Course,theultimatehomebuyerscourse@techdotdigitals.net,(573) 262-8655,"2615 Wedgewood Dr Jackson, Mi 63755			map it, Jackson, Mi 63755			map it"
Clear Choice Windows & Doors,jonathan@clearchoiceconstruction.com,971-224-6797,"7244 SW Durham Rd Suite 900 Tigard, OR 97224			map it, Tigard, OR 97224			map it"
Clear Choice Windows & Doors,jonathan@clearchoiceconstruction.com,971-224-6797,"7244 SW Durham Rd Suite 900, US Tigard, Or 97224			map it, Tigard, Or 97224			map it"
Clear Choice Windows & Doors,jonathan@clearchoiceconstruction.com,971-224-6797,"7244 SW Durham Rd Suite 900, US Tigard, Or 97224			map it, Tigard, Or 97224			map it"
Clear Choice Windows & Doors,jonathan@clearchoiceconstruction.com,971-224-6797,"7244 SW Durham Rd Suite 900, US Tigard, Or 97224			map it, Tigard, Or 97224			map it"
Real Estate Agent Lists,matt@realestateagent-list.com,937-365-9100,"1453 Michael Dr Troy, OH 45373			map it, Troy, OH 45373			map it"
ComTech,,919-647-7677,"4801 Glenwood Avenue Ste 200Raleigh, NC 27612			map it, Raleigh, NC 27612			map it"
Florida Window & Door Solutions,rod@floridawds.com,321-472-4318,"500 Plumosa Ave Altamonte Springs, FL 32701			map it, Altamonte Springs, FL 32701			map it"
WM - Rolling Meadows Landfill and Recycling Center,wmcares@wm.com,8669094458,"7351 NW Highway 75 Topeka, KS 66618			map it, Topeka, KS 66618			map it"
BellGear (Pty) Ltd,bellgearza@gmail.com,0872654039,"18 Constantia Road, Freeway Park Boksburg, GP 1459			map it, Boksburg, GP 1459			map it"
Armored Inc. Burlington,info@armoredinc.ca,905-333-0006,"4129 Harvester Rd Unit L Burlington, ON L7L 5M3			map it, Burlington, ON L7L 5M3			map it"
WM - Miami County Transfer Station,wmcares@wm.com,(913) 764-1608,"23765 W 327th St Paola, KS 66071			map it, Paola, KS 66071			map it"
Custom Boxes Lab,customboxeslab@gmail.com,1302778945,"300 Delaware Ave, Ste 210 #564 Wilmington, DE 19801			map it, Wilmington, DE 19801			map it"
Billing Care solution,sbillingcare@gmail.com,3022440434,"30 N Gould, st, ste R Sheridan, WY 82801 Sheridan, WY, US, wy 82801			map it, Sheridan, WY, US, wy 82801			map it"
Drive Well Driving School,info@drivewelldrivingschool.com,703-817-5047,"44297 Pawnee Terrace Ashburn, VA 20147			map it, Ashburn, VA 20147			map it"
The Ultimate Home buyers Course,theultimatehomebuyerscourse@techdotdigitals.net,(573) 262-8655,"2615 Wedgewood Dr Jackson, Mi 63755			map it, Jackson, Mi 63755			map it"
Clear Choice Windows & Doors,jonathan@clearchoiceconstruction.com,971-224-6797,"7244 SW Durham Rd Suite 900 Tigard, OR 97224			map it, Tigard, OR 97224			map it"
Clear Choice Windows & Doors,jonathan@clearchoiceconstruction.com,971-224-6797,"7244 SW Durham Rd Suite 900, US Tigard, Or 97224			map it, Tigard, Or 97224			map it"
Clear Choice Windows & Doors,jonathan@clearchoiceconstruction.com,971-224-6797,"7244 SW Durham Rd Suite 900, US Tigard, Or 97224			map it, Tigard, Or 97224			map it"
Clear Choice Windows & Doors,jonathan@clearchoiceconstruction.com,971-224-6797,"7244 SW Durham Rd Suite 900, US Tigard, Or 97224			map it, Tigard, Or 97224			map it"
Real Estate Agent Lists,matt@realestateagent-list.com,937-365-9100,"1453 Michael Dr Troy, OH 45373			map it, Troy, OH 45373			map it"
ComTech,,919-647-7677,"4801 Glenwood Avenue Ste 200Raleigh, NC 27612			map it, Raleigh, NC 27612			map it"
Florida Window & Door Solutions,rod@floridawds.com,321-472-4318,"500 Plumosa Ave Altamonte Springs, FL 32701			map it, Altamonte Springs, FL 32701			map it"
WM - Rolling Meadows Landfill and Recycling Center,wmcares@wm.com,8669094458,"7351 NW Highway 75 Topeka, KS 66618			map it, Topeka, KS 66618			map it"
BellGear (Pty) Ltd,bellgearza@gmail.com,0872654039,"18 Constantia Road, Freeway Park Boksburg, GP 1459			map it, Boksburg, GP 1459			map it"
Armored Inc. Burlington,info@armoredinc.ca,905-333-0006,"4129 Harvester Rd Unit L Burlington, ON L7L 5M3			map it, Burlington, ON L7L 5M3			map it"
WM - Miami County Transfer Station,wmcares@wm.com,(913) 764-1608,"23765 W 327th St Paola, KS 66071			map it, Paola, KS 66071			map it"
Custom Boxes Lab,customboxeslab@gmail.com,1302778945,"300 Delaware Ave, Ste 210 #564 Wilmington, DE 19801			map it, Wilmington, DE 19801			map it"
Billing Care solution,sbillingcare@gmail.com,3022440434,"30 N Gould, st, ste R Sheridan, WY 82801 Sheridan, WY, US, wy 82801			map it, Sheridan, WY, US, wy 82801			map it"
Drive Well Driving School,info@drivewelldrivingschool.com,703-817-5047,"44297 Pawnee Terrace Ashburn, VA 20147			map it, Ashburn, VA 20147			map it"
The Ultimate Home buyers Course,theultimatehomebuyerscourse@techdotdigitals.net,(573) 262-8655,"2615 Wedgewood Dr Jackson, Mi 63755			map it, Jackson, Mi 63755			map it"
Clear Choice Windows & Doors,jonathan@clearchoiceconstruction.com,971-224-6797,"7244 SW Durham Rd Suite 900 Tigard, OR 97224			map it, Tigard, OR 97224			map it"
Clear Choice Windows & Doors,jonathan@clearchoiceconstruction.com,971-224-6797,"7244 SW Durham Rd Suite 900, US Tigard, Or 97224			map it, Tigard, Or 97224			map it"
Clear Choice Windows & Doors,jonathan@clearchoiceconstruction.com,971-224-6797,"7244 SW Durham Rd Suite 900, US Tigard, Or 97224			map it, Tigard, Or 97224			map it"
Clear Choice Windows & Doors,jonathan@clearchoiceconstruction.com,971-224-6797,"7244 SW Durham Rd Suite 900, US Tigard, Or 97224			map it, Tigard, Or 97224			map it"
Real Estate Agent Lists,matt@realestateagent-list.com,937-365-9100,"1453 Michael Dr Troy, OH 45373			map it, Troy, OH 45373			map it"
ComTech,,919-647-7677,"4801 Glenwood Avenue Ste 200Raleigh, NC 27612			map it, Raleigh, NC 27612			map it"
Florida Window & Door Solutions,rod@floridawds.com,321-472-4318,"500 Plumosa Ave Altamonte Springs, FL 32701			map it, Altamonte Springs, FL 32701			map it"
WM - Rolling Meadows Landfill and Recycling Center,wmcares@wm.com,8669094458,"7351 NW Highway 75 Topeka, KS 66618			map it, Topeka, KS 66618			map it"
BellGear (Pty) Ltd,bellgearza@gmail.com,0872654039,"18 Constantia Road, Freeway Park Boksburg, GP 1459			map it, Boksburg, GP 1459			map it"
Armored Inc. Burlington,info@armoredinc.ca,905-333-0006,"4129 Harvester Rd Unit L Burlington, ON L7L 5M3			map it, Burlington, ON L7L 5M3			map it"
WM - Miami County Transfer Station,wmcares@wm.com,(913) 764-1608,"23765 W 327th St Paola, KS 66071			map it, Paola, KS 66071			map it"
Custom Boxes Lab,customboxeslab@gmail.com,1302778945,"300 Delaware Ave, Ste 210 #564 Wilmington, DE 19801			map it, Wilmington, DE 19801			map it"
Billing Care solution,sbillingcare@gmail.com,3022440434,"30 N Gould, st, ste R Sheridan, WY 82801 Sheridan, WY, US, wy 82801			map it, Sheridan, WY, US, wy 82801			map it"
Drive Well Driving School,info@drivewelldrivingschool.com,703-817-5047,"44297 Pawnee Terrace Ashburn, VA 20147			map it, Ashburn, VA 20147			map it"
The Ultimate Home buyers Course,theultimatehomebuyerscourse@techdotdigitals.net,(573) 262-8655,"2615 Wedgewood Dr Jackson, Mi 63755			map it, Jackson, Mi 63755			map it"
Clear Choice Windows & Doors,jonathan@clearchoiceconstruction.com,971-224-6797,"7244 SW Durham Rd Suite 900 Tigard, OR 97224			map it, Tigard, OR 97224			map it"
Clear Choice Windows & Doors,jonathan@clearchoiceconstruction.com,971-224-6797,"7244 SW Durham Rd Suite 900, US Tigard, Or 97224			map it, Tigard, Or 97224			map it"
Clear Choice Windows & Doors,jonathan@clearchoiceconstruction.com,971-224-6797,"7244 SW Durham Rd Suite 900, US Tigard, Or 97224			map it, Tigard, Or 97224			map it"
Clear Choice Windows & Doors,jonathan@clearchoiceconstruction.com,971-224-6797,"7244 SW Durham Rd Suite 900, US Tigard, Or 97224			map it, Tigard, Or 97224			map it"
Real Estate Agent Lists,matt@realestateagent-list.com,937-365-9100,"1453 Michael Dr Troy, OH 45373			map it, Troy, OH 45373			map it"
ComTech,,919-647-7677,"4801 Glenwood Avenue Ste 200Raleigh, NC 27612			map it, Raleigh, NC 27612			map it"
